,Refnis,Municipality FR,Municipality NL,Population,Size in km²,Population / km²
0,1000,Belgique,België,11431406,30689.368862,372.4874907464951
1,2000,Région flamande,Vlaams Gewest,6589069,13625.54893,483.58191173439934
2,3000,Région wallonne,Waals Gewest,3633795,16901.400088,214.9996438803905
3,4000,Région de Bruxelles-Capitale,Brussels Hoofdstedelijk Gewest,1208542,162.419844,7440.8518702924
4,10000,Province d’Anvers,Provincie Antwerpen,1857986,2876.120363,646.0042576458752
5,11000,Arrondissement d’Anvers,Arrondissement Antwerpen,1051301,1004.125291,1046.9818950113468
6,11001,Aartselaar,Aartselaar,14293,11.015556,1297.5286948747753
7,11002,Anvers,Antwerpen,525935,204.293229,2574.412292440686
8,11004,Boechout,Boechout,13266,20.710028,640.5592498474651
9,11005,Boom,Boom,18244,7.387152,2469.693327008839
10,11007,Borsbeek,Borsbeek,10854,3.901269,2782.1716472255566
11,11008,Brasschaat,Brasschaat,37946,38.580646,983.5501458425554
12,11009,Brecht,Brecht,29268,91.4511,320.0398901708126
13,11013,Edegem,Edegem,22063,8.717948,2530.7560907681486
14,11016,Essen,Essen,19038,47.568895,400.2195131923918
15,11018,Hemiksem,Hemiksem,11559,5.479228,2109.603761697816
16,11021,Hove (Anvers),Hove (Antwerpen),8125,6.018087,1350.096799863478
17,11022,Kalmthout,Kalmthout,18695,59.409054,314.68267446238076
18,11023,Kapellen (Anvers),Kapellen (Antwerpen),26850,37.22078,721.3712340257243
19,11024,Kontich,Kontich,21115,23.801502,887.1288879164013
20,11025,Lint,Lint,8718,5.651541,1542.5881188865126
21,11029,Mortsel,Mortsel,26099,7.784336,3352.758668176708
22,11030,Niel,Niel,10501,5.320952,1973.5190244151797
23,11035,Ranst,Ranst,19008,43.675152,435.2131390407067
24,11037,Rumst,Rumst,15090,20.13422,749.4703047845907
25,11038,Schelle,Schelle,8518,7.77441,1095.6458432215436
26,11039,Schilde,Schilde,19652,36.095679,544.4418984333278
27,11040,Schoten,Schoten,34517,29.493576,1170.3226492440251
28,11044,Stabroek,Stabroek,18710,21.445018,872.4637116182415
29,11050,Wijnegem,Wijnegem,9816,7.89088,1243.9677196966625
30,11052,Wommelgem,Wommelgem,12865,12.990646,990.3279636747857
31,11053,Wuustwezel,Wuustwezel,20970,89.407739,234.54345490159412
32,11054,Zandhoven,Zandhoven,13025,40.082081,324.9581776954146
33,11055,Zoersel,Zoersel,21944,38.686897,567.2204726060091
34,11056,Zwijndrecht,Zwijndrecht,19056,20.241464,941.4338804742581
35,11057,Malle,Malle,15561,51.896226,299.8483935999508
36,12000,Arrondissement de Malines,Arrondissement Mechelen,344818,511.925433,673.5707542000555
37,12002,Berlaar,Berlaar,11527,24.514249,470.2163219440253
38,12005,Bonheiden,Bonheiden,15010,29.19961,514.0479615994872
39,12007,Bornem,Bornem,21366,46.2562,461.90564724296416
40,12009,Duffel,Duffel,17491,22.60482,773.773027168542
41,12014,Heist-op-den-Berg,Heist-op-den-Berg,42681,86.677886,492.40933264108446
42,12021,Lierre,Lier,36242,49.852454,726.9852753888505
43,12025,Malines,Mechelen,86616,65.802169,1316.3091933945216
44,12026,Nijlen,Nijlen,22949,39.204952,585.359727005915
45,12029,Putte,Putte,17800,35.158173,506.2834180831866
46,12035,Sint-Katelijne-Waver,Sint-Katelijne-Waver,20792,36.154982,575.0798050459547
47,12040,Willebroek,Willebroek,26462,27.355211,967.3476837740349
48,12041,Puurs-Sint-Amands,Puurs-Sint-Amands,25882,49.144727,526.6485659794183
49,13000,Arrondissement de Turnhout,Arrondissement Turnhout,461867,1360.069639,339.5906994435893
50,13001,Arendonk,Arendonk,13293,55.148235,241.04125907202652
51,13002,Baerle-Duc,Baarle-Hertog,2760,7.415257,372.20557561255123
52,13003,Balen,Balen,22618,72.985643,309.89656417769726
53,13004,Beerse,Beerse,18084,37.353045,484.1372370043727
54,13006,Dessel,Dessel,9598,27.44715,349.6902228464522
55,13008,Geel,Geel,40353,110.26727,365.9562805898795
56,13010,Grobbendonk,Grobbendonk,11155,28.370116,393.1954314180457
57,13011,Herentals,Herentals,28177,47.949917,587.6339681672442
58,13012,Herenthout,Herenthout,9061,23.610302,383.7731512286459
59,13013,Herselt,Herselt,14523,52.377303,277.27659058733894
60,13014,Hoogstraten,Hoogstraten,21355,105.394433,202.6198100994575
61,13016,Hulshout,Hulshout,10424,17.377579,599.8534088091327
62,13017,Kasterlee,Kasterlee,18655,72.265879,258.1439575376922
63,13019,Lille,Lille,16529,59.625204,277.2149844552314
64,13021,Meerhout,Meerhout,10361,36.536418,283.5800707119127
65,13023,Merksplas,Merksplas,8600,44.616032,192.75582373618525
66,13025,Mol,Mol,36825,114.547123,321.48341255153133
67,13029,Olen,Olen,12505,23.128384,540.6776366217372
68,13031,Oud-Turnhout,Oud-Turnhout,13662,39.169128,348.79510210183895
69,13035,Ravels,Ravels,15009,95.137925,157.7604304487406
70,13036,Retie,Retie,11396,48.501805,234.96032776512132
71,13037,Rijkevorsel,Rijkevorsel,12060,46.852305,257.40462502325124
72,13040,Turnhout,Turnhout,44664,56.710343,787.5812001348678
73,13044,Vorselaar,Vorselaar,7861,27.621306,284.59914241564104
74,13046,Vosselaar,Vosselaar,11187,11.835021,945.2454710473264
75,13049,Westerlo,Westerlo,25051,55.396994,452.2086523322908
76,13053,Laakdal,Laakdal,16101,42.429522,379.4763466814451
77,20001,Province du Brabant flamand,Provincie Vlaams-Brabant,1146175,2118.348284,541.0701387761031
78,20002,Province du Brabant wallon,Provincie Waals-Brabant,403599,1097.179743,367.85130474287297
79,21000,Arrondissement de Bruxelles-Capitale,Arrondissement Brussel-Hoofdstad,1208542,162.419844,7440.8518702924
80,21001,Anderlecht,Anderlecht,119714,17.912044,6683.436016570749
81,21002,Auderghem,Oudergem,34013,8.972027,3791.0050872562015
82,21003,Berchem-Sainte-Agathe,Sint-Agatha-Berchem,25179,2.947761,8541.737271101694
83,21004,Bruxelles,Brussel,181726,33.075721,5494.241531424213
84,21005,Etterbeek,Etterbeek,48367,3.175347,15232.03605779148
85,21006,Evere,Evere,41763,5.128598,8143.1611524241125
86,21007,Forest (Bruxelles-Capitale),Vorst (Brussel-Hoofdstad),56289,6.304012,8929.075642622507
87,21008,Ganshoren,Ganshoren,24902,2.433709,10232.118959168907
88,21009,Ixelles,Elsene,86876,6.406543,13560.51149582544
89,21010,Jette,Jette,52536,5.189034,10124.427783668405
90,21011,Koekelberg,Koekelberg,21990,1.187699,18514.79204748004
91,21012,Molenbeek-Saint-Jean,Sint-Jans-Molenbeek,97462,6.005614,16228.482216805809
92,21013,Saint-Gilles,Sint-Gillis,50267,2.526967,19892.22653085695
93,21014,Saint-Josse-ten-Noode,Sint-Joost-ten-Node,27457,1.177186,23324.26651353312
94,21015,Schaerbeek,Schaarbeek,133309,7.898012,16878.804438382722
95,21016,Uccle,Ukkel,83024,22.865263,3631.0100609820233
96,21017,Watermael-Boitsfort,Watermaal-Bosvoorde,25184,12.97693,1940.6747204462074
97,21018,Woluwe-Saint-Lambert,Sint-Lambrechts-Woluwe,56660,7.296997,7764.8380559838515
98,21019,Woluwe-Saint-Pierre,Sint-Pieters-Woluwe,41824,8.94038,4678.100930832918
99,23000,Arrondissement de Hal-Vilvorde,Arrondissement Halle-Vilvoorde,637441,949.168915,671.5780404586891
100,23002,Asse,Asse,33158,50.22166,660.233054821366
101,23003,Beersel,Beersel,25251,30.401594,830.5814491174377
102,23009,Biévène,Bever,2159,19.241486,112.20547103274664
103,23016,Dilbeek,Dilbeek,42847,41.479972,1032.9563385433337
104,23023,Gammerages,Galmaarden,8746,35.290349,247.8297961859204
105,23024,Gooik,Gooik,9170,40.20603,228.0752414501009
106,23025,Grimbergen,Grimbergen,37542,38.669886,970.8329628900381
107,23027,Hal (Hal-Vilvorde),Halle (Halle-Vilvoorde),39540,44.982101,879.0163002835284
108,23032,Herne,Herne,6665,44.660449,149.23719195030932
109,23033,Hoeilaart,Hoeilaart,11321,20.530455,551.4247005241725
110,23038,Kampenhout,Kampenhout,11972,33.649657,355.7837157151409
111,23039,Kapelle-op-den-Bos,Kapelle-op-den-Bos,9413,15.367441,612.5287873237971
112,23044,Liedekerke,Liedekerke,13295,10.174583,1306.6874583459587
113,23045,Londerzeel,Londerzeel,18749,36.528477,513.2707832303
114,23047,Machelen (Hal-Vilvorde),Machelen (Halle-Vilvoorde),15469,11.494237,1345.8048585565098
115,23050,Meise,Meise,19411,35.069141,553.5065714897322
116,23052,Merchtem,Merchtem,16583,36.901981,449.37966880423033
117,23060,Opwijk,Opwijk,14547,19.919099,730.3041166671244
118,23062,Overijse,Overijse,25403,45.032214,564.1072855089914
119,23064,Pepingen,Pepingen,4479,35.932279,124.65115279773931
120,23077,Sint-Pieters-Leeuw,Sint-Pieters-Leeuw,34228,40.664405,841.7189431395835
121,23081,Steenokkerzeel,Steenokkerzeel,12135,23.631623,513.5068378502822
122,23086,Ternat,Ternat,15746,24.711366,637.1966648869188
123,23088,Vilvorde,Vilvoorde,44727,21.573436,2073.244150815846
124,23094,Zaventem,Zaventem,34368,27.726959,1239.5156641592032
125,23096,Zemst,Zemst,23358,43.228749,540.3348591003639
126,23097,Roosdaal,Roosdaal,11631,21.918885,530.638305734986
127,23098,Drogenbos,Drogenbos,5689,2.495508,2279.6961580567963
128,23099,Kraainem,Kraainem,13730,5.836344,2352.5001267917037
129,23100,Linkebeek,Linkebeek,4671,4.189119,1115.031585400176
130,23101,Rhode-Saint-Genèse,Sint-Genesius-Rode,18387,22.754768,808.050427057749
131,23102,Wemmel,Wemmel,16491,8.772907,1879.764597983314
132,23103,Wezembeek-Oppem,Wezembeek-Oppem,14258,6.865009,2076.9091489901907
133,23104,Lennik,Lennik,9074,31.124133,291.5422575787091
134,23105,Affligem,Affligem,13228,17.922613,738.0620225410213
135,24000,Arrondissement de Louvain,Arrondissement Leuven,508734,1169.179369,435.1205755838136
136,24001,Aarschot,Aarschot,30115,63.03534,477.74787920553774
137,24007,Begijnendijk,Begijnendijk,10114,17.655211,572.8620292331822
138,24008,Bekkevoort,Bekkevoort,6306,37.280795,169.1487533997062
139,24009,Bertem,Bertem,10007,29.990651,333.6706495634256
140,24011,Bierbeek,Bierbeek,10083,38.964848,258.7717010983849
141,24014,Boortmeerbeek,Boortmeerbeek,12516,18.778765,666.4975039625875
142,24016,Boutersem,Boutersem,8242,31.145329,264.6303720214354
143,24020,Diest,Diest,23998,58.710579,408.7508658362916
144,24028,Geetbets,Geetbets,6118,35.517686,172.25221260191333
145,24033,Haacht,Haacht,14577,30.725401,474.4283077054063
146,24038,Herent,Herent,21682,32.734081,662.3677628218736
147,24041,Hoegaarden,Hoegaarden,6886,34.128274,201.76818786675238
148,24043,Holsbeek,Holsbeek,10019,38.775008,258.38808337576614
149,24045,Huldenberg,Huldenberg,9921,39.945857,248.36117547809778
150,24048,Keerbergen,Keerbergen,12850,18.523644,693.7079982750694
151,24054,Kortenaken,Kortenaken,7875,49.444303,159.27011854126047
152,24055,Kortenberg,Kortenberg,20279,34.702112,584.3736542605822
153,24059,Landen,Landen,15951,53.301373,299.26058377520593
154,24062,Louvain,Leuven,101624,57.507536,1767.1423098357056
155,24066,Lubbeek,Lubbeek,14559,45.275023,321.5680310090621
156,24086,Oud-Heverlee,Oud-Heverlee,11112,31.182503,356.3536897599272
157,24094,Rotselaar,Rotselaar,16793,37.213589,451.2598878866535
158,24104,Tervuren,Tervuren,22422,33.584639,667.626649195187
159,24107,Tirlemont,Tienen,34975,72.771069,480.6168231498702
160,24109,Tremelo,Tremelo,14914,21.907636,680.7671991628855
161,24130,Léau,Zoutleeuw,8480,46.842658,181.03157169262258
162,24133,Linter,Linter,7269,36.874022,197.13065203464924
163,24134,Montaigu-Zichem,Scherpenheuvel-Zichem,23029,51.149678,450.2276632122689
164,24135,Tielt-Winge,Tielt-Winge,10747,44.527143,241.35840020097402
165,24137,Glabbeek,Glabbeek,5271,26.984616,195.3335189205583
166,25000,Arrondissement de Nivelles,Arrondissement Nijvel,403599,1097.179743,367.85130474287297
167,25005,Beauvechain,Bevekom,7243,38.568789,187.79433287366112
168,25014,Braine-l’Alleud,Eigenbrakel,40008,52.314613,764.7576404703595
169,25015,Braine-le-Château,Kasteelbrakel,10549,22.751678,463.65810908540465
170,25018,Chaumont-Gistoux,Chaumont-Gistoux,11798,48.32553,244.13596705509488
171,25023,Court-Saint-Etienne,Court-Saint-Etienne,10540,26.875434,392.17971326528163
172,25031,Genappe,Genepiën,15427,90.349676,170.74770694252408
173,25037,Grez-Doiceau,Graven,13668,55.553791,246.03181446249098
174,25043,Incourt,Incourt,5487,38.908151,141.02443470007097
175,25044,Ittre,Itter,6889,35.027919,196.6716892316669
176,25048,Jodoigne,Geldenaken,14123,73.732072,191.54486801889956
177,25050,La Hulpe,Terhulpen,7343,15.51678,473.229626249776
178,25068,Mont-Saint-Guibert,Mont-Saint-Guibert,7771,18.724484,415.0181121145982
179,25072,Nivelles,Nijvel,28734,60.832746,472.34428641442554
180,25084,Perwez (Nivelles),Perwijs (Nijvel),9303,51.170038,181.80561054107486
181,25091,Rixensart,Rixensart,22558,17.560503,1284.587349234814
182,25105,Tubize,Tubeke,26233,32.771622,800.4791462564776
183,25107,Villers-la-Ville,Villers-la-Ville,10702,48.03089,222.81494263379255
184,25110,Waterloo,Waterloo,30328,21.324413,1422.219687829156
185,25112,Wavre,Waver,34396,42.104922,816.9116190263932
186,25117,Chastre,Chastre,7647,31.569956,242.22396762288804
187,25118,Hélécine,Hélécine,3553,16.982539,209.2148883038043
188,25119,Lasne,Lasne,14244,47.570329,299.4303444905752
189,25120,Orp-Jauche,Orp-Jauche,8924,50.798029,175.67610743322345
190,25121,Ottignies-Louvain-la-Neuve,Ottignies-Louvain-la-Neuve,31443,33.400317,941.3982508010328
191,25122,Ramillies,Ramillies,6522,49.077298,132.89240169660522
192,25123,Rebecq,Rebecq,10979,39.256497,279.6734512506299
193,25124,Walhain,Walhain,7187,38.080727,188.73064056786518
194,30000,Province de Flandre occidentale,Provincie West-Vlaanderen,1195796,3196.575632,374.0865656451954
195,31000,Arrondissement de Bruges,Arrondissement Brugge,282209,673.222776,419.1911059170702
196,31003,Beernem,Beernem,15763,72.423439,217.65053161863798
197,31004,Blankenberge,Blankenberge,20436,19.021573,1074.3590974311114
198,31005,Bruges,Brugge,118325,140.992087,839.2314953107972
199,31006,Damme,Damme,10993,90.360061,121.6577310632847
200,31012,Jabbeke,Jabbeke,13865,53.859995,257.4266856133203
201,31022,Oostkamp,Oostkamp,23698,80.093733,295.8783304556425
202,31033,Torhout,Torhout,20463,45.335305,451.3700746030053
203,31040,Zedelgem,Zedelgem,22819,60.643748,376.2795135947072
204,31042,Zuienkerke,Zuienkerke,2721,48.908353,55.6346683765859
205,31043,Knokke-Heist,Knokke-Heist,33126,61.584482,537.8952444546014
206,32000,Arrondissement de Dixmude,Arrondissement Diksmuide,51525,365.039208,141.14922142829107
207,32003,Dixmude,Diksmuide,16743,150.763333,111.05485443201233
208,32006,Houthulst,Houthulst,10098,55.995994,180.33432891645782
209,32010,Koekelare,Koekelare,8777,39.444538,222.5149651898572
210,32011,Kortemark,Kortemark,12616,55.434023,227.5858636491167
211,32030,Lo-Reninge,Lo-Reninge,3291,63.40132,51.90743662750239
212,33000,Arrondissement d’Ypres,Arrondissement Ieper,106279,553.716502,191.9375702478161
213,33011,Ypres,Ieper,34845,131.460866,265.05986960408427
214,33016,Messines,Mesen,1065,3.596312,296.13670893960256
215,33021,Poperinge,Poperinge,19702,120.367972,163.68141518576056
216,33029,Wervik,Wervik,18767,43.77396,428.72520557884184
217,33037,Zonnebeke,Zonnebeke,12481,68.09085,183.29922449198386
218,33039,Heuvelland,Heuvelland,7909,94.79232,83.4350293357099
219,33040,Langemark-Poelkapelle,Langemark-Poelkapelle,7819,53.058624,147.36529918303196
220,33041,Vleteren,Vleteren,3691,38.575598,95.68224969577918
221,34000,Arrondissement de Courtrai,Arrondissement Kortrijk,290706,406.143109,715.7723313729792
222,34002,Anzegem,Anzegem,14716,42.353517,347.45638715198083
223,34003,Avelgem,Avelgem,10158,22.121737,459.1863649766743
224,34009,Deerlijk,Deerlijk,11946,16.976791,703.6665527660675
225,34013,Harelbeke,Harelbeke,28158,29.395927,957.8878053411958
226,34022,Courtrai,Kortrijk,76735,80.696211,950.912057072915
227,34023,Kuurne,Kuurne,13484,10.112678,1333.3757882926757
228,34025,Lendelede,Lendelede,5747,13.268796,433.1214376948745
229,34027,Menin,Menen,33385,33.163521,1006.6783922008763
230,34040,Waregem,Waregem,38266,44.497435,859.9596808220518
231,34041,Wevelgem,Wevelgem,31406,39.137351,802.4559454726509
232,34042,Zwevegem,Zwevegem,24656,63.603552,387.6513060151106
233,34043,Espierres-Helchin,Spiere-Helkijn,2049,10.815593,189.44869689530663
234,35000,Arrondissement d’Ostende,Arrondissement Oostende,157200,304.592176,516.0999276619633
235,35002,Bredene,Bredene,18095,14.2517,1269.673091631174
236,35005,Gistel,Gistel,12178,42.804257,284.50441272698646
237,35006,Ichtegem,Ichtegem,14050,45.776603,306.92535223725537
238,35011,Middelkerke,Middelkerke,19336,79.048163,244.61036494927782
239,35013,Ostende,Oostende,71494,40.952352,1745.7849551595964
240,35014,Oudenburg,Oudenburg,9381,35.620665,263.35836234388097
241,35029,De Haan,De Haan,12666,46.138436,274.5216591216919
242,36000,Arrondissement de Roulers,Arrondissement Roeselare,153315,273.834842,559.8812732530216
243,36006,Hooglede,Hooglede,9987,38.105932,262.08517875904465
244,36007,Ingelmunster,Ingelmunster,10996,16.426552,669.4040234371765
245,36008,Izegem,Izegem,28018,25.635599,1092.9333073122264
246,36010,Ledegem,Ledegem,9695,24.829751,390.4590102413834
247,36011,Lichtervelde,Lichtervelde,8926,26.159523,341.2141727507799
248,36012,Moorslede,Moorslede,11250,35.447408,317.37158327627225
249,36015,Roulers,Roeselare,62954,60.39943,1042.2946044358366
250,36019,Staden,Staden,11489,46.830647,245.33079801353162
251,37000,Arrondissement de Tielt,Arrondissement Tielt,92905,331.853556,279.9578257344333
252,37002,Dentergem,Dentergem,8555,26.089642,327.9079107333094
253,37007,Meulebeke,Meulebeke,10860,29.505345,368.0689041256762
254,37010,Oostrozebeke,Oostrozebeke,7932,16.723853,474.29261665957006
255,37011,Pittem,Pittem,6738,34.68253,194.2764844433206
256,37012,Ruiselede,Ruiselede,5358,30.620645,174.9799849088744
257,37015,Tielt (Tielt),Tielt (Tielt),20502,68.845147,297.7987685900359
258,37017,Wielsbeke,Wielsbeke,9641,21.913627,439.95455430541
259,37018,Wingene,Wingene,14263,68.544084,208.08506245411348
260,37020,Ardooie,Ardooie,9056,34.928683,259.2711554569635
261,38000,Arrondissement de Furnes,Arrondissement Veurne,61657,288.173463,213.9579382436057
262,38002,Alveringem,Alveringem,5047,80.708434,62.533737180429
263,38008,La Panne,De Panne,11176,26.627682,419.71358978975337
264,38014,Koksijde,Koksijde,21910,50.357287,435.0909531722787
265,38016,Nieuport,Nieuwpoort,11621,33.272283,349.2696909316382
266,38025,Furnes,Veurne,11903,97.207777,122.4490505528174
267,40000,Province de Flandre orientale,Provincie Oost-Vlaanderen,1515064,3007.075664,503.8330156231147
268,41000,Arrondissement d’Alost,Arrondissement Aalst,291229,472.934536,615.7913576436296
269,41002,Alost (Alost),Aalst (Aalst),86445,78.654271,1099.0502982349174
270,41011,Denderleeuw,Denderleeuw,20338,13.865242,1466.8333953348956
271,41018,Grammont,Geraardsbergen,33439,80.052715,417.7122537318066
272,41024,Haaltert,Haaltert,18633,30.525939,610.3989135272792
273,41027,Herzele,Herzele,18027,47.901041,376.33837644572276
274,41034,Lede,Lede,18701,29.896262,625.5297066904217
275,41048,Ninove,Ninove,38911,73.1184,532.1642705529662
276,41063,Sint-Lievens-Houtem,Sint-Lievens-Houtem,10342,27.05114,382.3129080696784
277,41081,Zottegem,Zottegem,26582,57.4646,462.58044082791844
278,41082,Erpe-Mere,Erpe-Mere,19811,34.404926,575.8187068909841
279,42000,Arrondissement de Termonde,Arrondissement Dendermonde,201213,346.557981,580.6041442744902
280,42003,Berlare,Berlare,14958,38.226823,391.2959232840249
281,42004,Buggenhout,Buggenhout,14517,25.636519,566.2625257352607
282,42006,Termonde,Dendermonde,45769,56.53556,809.5612743554676
283,42008,Hamme (Termonde),Hamme (Dendermonde),24865,40.524128,613.5850720834759
284,42010,Laarne,Laarne,12370,32.57841,379.6993162035839
285,42011,Lebbeke,Lebbeke,19321,27.305111,707.596464266342
286,42023,Waasmunster,Waasmunster,10801,32.239325,335.0256247610643
287,42025,Wetteren,Wetteren,25815,37.015895,697.4031020997871
288,42026,Wichelen,Wichelen,11672,23.191997,503.2770571676083
289,42028,Zele,Zele,21125,33.304213,634.3041344348837
290,43000,Arrondissement d’Eeklo,Arrondissement Eeklo,85235,335.519977,254.0385248059313
291,43002,Assenede,Assenede,14256,87.500083,162.9255597391833
292,43005,Eeklo,Eeklo,21134,30.449078,694.0768452824746
293,43007,Kaprijke,Kaprijke,6434,33.63893,191.2664879649858
294,43010,Maldegem,Maldegem,23774,95.633036,248.5961022925174
295,43014,Sint-Laureins,Sint-Laureins,6783,74.535454,91.00367189015847
296,43018,Zelzate,Zelzate,12854,13.763396,933.9264815166257
297,44000,Arrondissement de Gand,Arrondissement Gent,560522,949.67393,590.2257420081016
298,44012,De Pinte,De Pinte,10683,17.781434,600.7951889594506
299,44013,Destelbergen,Destelbergen,18271,26.710262,684.0442074285905
300,44019,Evergem,Evergem,35447,75.398354,470.1296264372031
301,44020,Gavere,Gavere,12805,31.596871,405.2616475852941
302,44021,Gand,Gent,262219,157.74244,1662.323722138443
303,44034,Lochristi,Lochristi,22489,60.664112,370.7134128988816
304,44040,Melle,Melle,11736,15.338686,765.1242094661825
305,44043,Merelbeke,Merelbeke,24660,37.001321,666.4626919671327
306,44045,Moerbeke (Gand),Moerbeke (Gent),6481,37.9275,170.87865005602794
307,44048,Nazareth,Nazareth,11619,35.434929,327.89680487295465
308,44052,Oosterzele,Oosterzele,13590,43.568789,311.9205355925775
309,44064,Sint-Martens-Latem,Sint-Martens-Latem,8392,14.45184,580.6873034852309
310,44073,Wachtebeke,Wachtebeke,7771,34.636852,224.35641668590438
311,44081,Zulte,Zulte,15720,32.761114,479.8371630464092
312,44083,Deinze,Deinze,43571,128.027316,340.3258098451427
313,44084,Aalter,Aalter,28906,119.852605,241.17957219202702
314,44085,Lievegem,Lievegem,26162,80.779505,323.86927847601936
315,45000,Arrondissement d’Audenarde,Arrondissement Oudenaarde,124342,422.875007,294.0396049464328
316,45035,Audenarde,Oudenaarde,31393,68.934618,455.4025380977668
317,45041,Renaix,Ronse,26479,34.708399,762.8989167722775
318,45059,Brakel,Brakel,14801,56.962929,259.835655571714
319,45060,Kluisbergen,Kluisbergen,6488,30.630793,211.8129948512923
320,45061,Wortegem-Petegem,Wortegem-Petegem,6397,42.458526,150.66467451083912
321,45062,Horebeke,Horebeke,2036,11.246302,181.0372867454564
322,45063,Lierde,Lierde,6616,26.314561,251.41973677615218
323,45064,Maarkedal,Maarkedal,6343,46.152934,137.43438282818596
324,45065,Zwalin,Zwalm,8148,33.876716,240.51918137519587
325,45068,Kruisem,Kruisem,15641,71.589229,218.48258765295543
326,46000,Arrondissement de Saint-Nicolas,Arrondissement Sint-Niklaas,252523,479.514233,526.6225330166582
327,46003,Beveren (Saint-Nicolas),Beveren (Sint-Niklaas),48668,152.687799,318.7419055009104
328,46013,Kruibeke,Kruibeke,16745,33.527694,499.4378676923024
329,46014,Lokeren,Lokeren,41690,68.246847,610.8707117267996
330,46020,Sint-Gillis-Waas,Sint-Gillis-Waas,19370,55.489395,349.0757107732027
331,46021,Saint-Nicolas (Saint-Nicolas),Sint-Niklaas (Sint-Niklaas),77679,84.193511,922.6245476328929
332,46024,Stekene,Stekene,18445,45.268908,407.4540521277871
333,46025,Tamise,Temse,29926,40.100079,746.2828190438228
334,50000,Province du Hainaut,Provincie Henegouwen,1344241,3813.035387,352.5382965453187
335,51000,Arrondissement d’Ath,Arrondissement Aat,127915,671.836594,190.39599977490954
336,51004,Ath,Aat,29311,127.904644,229.16290670415376
337,51008,Beloeil,Beloeil,14068,62.2757,225.8987052734855
338,51009,Bernissart,Bernissart,11859,43.810898,270.68607450137176
339,51012,Brugelette,Brugelette,3728,28.579043,130.44523569246178
340,51014,Chièvres,Chièvres,6916,47.359687,146.03137051982628
341,51017,Ellezelles,Elzele,5975,45.1056,132.46692206732644
342,51019,Flobecq,Vloesberg,3447,23.281329,148.05855799726896
343,51065,Frasnes-lez-Anvaing,Frasnes-lez-Anvaing,11814,112.873905,104.66546718659198
344,51067,Enghien,Edingen,13817,39.403294,350.6559629253331
345,51068,Silly,Opzullik,8324,68.574778,121.38573747916473
346,51069,Lessines,Lessen,18656,72.667716,256.7302376752835
347,52000,Arrondissement de Charleroi,Arrondissement Charleroi,396639,475.946831,833.3682969726508
348,52010,Chapelle-lez-Herlaimont,Chapelle-lez-Herlaimont,14737,18.18959,810.1886848466623
349,52011,Charleroi,Charleroi,202267,102.94935,1964.7234295311239
350,52012,Châtelet,Châtelet,35903,27.36156,1312.1693353741525
351,52015,Courcelles,Courcelles,31299,44.53262,702.8331142429976
352,52018,Farciennes,Farciennes,11316,10.371579,1091.0585553077308
353,52021,Fleurus,Fleurus,22918,59.490702,385.23667110198164
354,52022,Fontaine-l’Evêque,Fontaine-l’Evêque,17806,28.647895,621.5465394577857
355,52025,Gerpinnes,Gerpinnes,12716,47.675442,266.7201281531905
356,52048,Montigny-le-Tilleul,Montigny-le-Tilleul,10112,15.234335,663.7637940875004
357,52055,Pont-à-Celles,Pont-à-Celles,17371,56.101533,309.63503261131916
358,52074,Aiseau-Presles,Aiseau-Presles,10743,22.4248,479.0678177731797
359,52075,Les Bons Villers,Les Bons Villers,9451,42.967425,219.95732813870043
360,53000,Arrondissement de Mons,Arrondissement Bergen,258999,588.510831,440.0921552453127
361,53014,Boussu,Boussu,19824,20.076038,987.4458297000633
362,53020,Dour,Dour,16644,33.625268,494.98490242516436
363,53028,Frameries,Frameries,21934,26.090994,840.673222338712
364,53039,Hensies,Hensies,6828,26.407982,258.5581889596865
365,53044,Jurbise,Jurbeke,10383,58.177259,178.47179771738644
366,53046,Lens,Lens,4525,49.835822,90.7981411443359
367,53053,Mons,Bergen,95613,147.558377,647.9672787401287
368,53065,Quaregnon,Quaregnon,19007,11.209192,1695.6619174691627
369,53068,Quiévrain,Quiévrain,6822,21.483788,317.5417668429794
370,53070,Saint-Ghislain,Saint-Ghislain,23311,70.585182,330.2534517797234
371,53082,Colfontaine,Colfontaine,20811,13.745634,1514.0080115620713
372,53083,Honnelles,Honnelles,5159,44.31454,116.41777168396648
373,53084,Quévy,Quévy,8138,65.400755,124.43281426949886
374,55000,Arrondissement de Soignies,Arrondissement Zinnik,104533,357.624304,292.2983668358289
375,55004,Braine-le-Comte,’s Gravenbrakel,21901,84.870539,258.05185471957475
376,55035,Le Roeulx,Le Roeulx,8716,43.412748,200.77052021678057
377,55040,Soignies,Zinnik,28016,111.266966,251.79081453519638
378,55050,Ecaussinnes,Ecaussinnes,11159,34.860039,320.1086493334101
379,55085,Seneffe,Seneffe,11433,63.817227,179.152253042897
380,55086,Manage,Manage,23308,19.396785,1201.6424371358448
381,56000,Arrondissement de Thuin,Arrondissement Thuin,91678,785.029622,116.78285434176902
382,56001,Anderlues,Anderlues,12261,17.18156,713.6138976903145
383,56005,Beaumont,Beaumont,7124,93.487177,76.20296417764331
384,56016,Chimay,Chimay,9805,198.571626,49.37764874826578
385,56022,Erquelinnes,Erquelinnes,10003,44.548363,224.5424820660638
386,56029,Froidchapelle,Froidchapelle,3959,86.543319,45.74587669788814
387,56044,Lobbes,Lobbes,5832,32.200768,181.1136926920501
388,56049,Merbes-le-Château,Merbes-le-Château,4266,30.530546,139.7289128075207
389,56051,Momignies,Momignies,5305,86.005506,61.68209742292546
390,56078,Thuin,Thuin,14702,76.689224,191.7088116578152
391,56086,Ham-sur-Heure-Nalinnes,Ham-sur-Heure-Nalinnes,13623,45.698965,298.10303143626993
392,56088,Sivry-Rance,Sivry-Rance,4798,73.572568,65.21452397855678
393,57000,Arrondissement de Tournai-Mouscron,Arrondissement Doornik-Moeskroen,223417,714.627741,312.6340991008352
394,57003,Antoing,Antoing,7687,31.363563,245.0933269284488
395,57018,Celles (Tournai),Celles (Doornik),5666,67.483087,83.9617784527255
396,57027,Estaimpuis,Estaimpuis,10478,32.100934,326.40794813010734
397,57062,Pecq,Pecq,5698,33.142803,171.92269464957445
398,57064,Péruwelz,Péruwelz,17159,61.028014,281.16595765348023
399,57072,Rumes,Rumes,5167,23.989691,215.38418314766955
400,57081,Tournai,Doornik,69370,215.340497,322.1409858638898
401,57093,Brunehaut,Brunehaut,8080,46.563317,173.52715658122037
402,57094,Leuze-en-Hainaut,Leuze-en-Hainaut,13850,74.465138,185.9930750413704
403,57095,Mont-de-l’Enclus,Mont-de-l’Enclus,3764,27.158697,138.59280509665098
404,57096,Mouscron,Moeskroen,58474,40.619487,1439.555354305681
405,57097,Comines-Warneton,Komen-Waasten,18024,61.372513,293.6819614996049
406,58000,Arrondissement de La Louvière,Arrondissement La Louvière,141060,219.459464,642.7610704453375
407,58001,La Louvière,La Louvière,80757,64.558363,1250.914618141727
408,58002,Binche,Binche,33473,61.233609,546.6442456462104
409,58003,Estinnes,Estinnes,7765,73.293106,105.94447996241284
410,58004,Morlanwelz,Morlanwelz,19065,20.374386,935.7337197793346
411,60000,Province de Liège,Provincie Luik,1106992,3857.11265,287.00017356247037
412,61000,Arrondissement de Huy,Arrondissement Hoei,113409,661.195276,171.52118915017778
413,61003,Amay,Amay,14412,27.685933,520.5531632255269
414,61010,Burdinne,Burdinne,3238,32.611008,99.29162569890511
415,61012,Clavier,Clavier,4637,79.496037,58.32995171822213
416,61019,Ferrières,Ferrières,4935,57.072941,86.46829677131936
417,61024,Hamoir,Hamoir,3880,27.74144,139.86296313385319
418,61028,Héron,Héron,5375,38.398747,139.9785258617944
419,61031,Huy,Hoei,21227,47.641195,445.559772377666
420,61039,Marchin,Marchin,5469,30.149799,181.39424412083144
421,61041,Modave,Modave,4212,40.408364,104.23584582637397
422,61043,Nandrin,Nandrin,5753,36.122663,159.26289819773254
423,61048,Ouffet,Ouffet,2776,40.241291,68.98387032364344
424,61063,Verlaine,Verlaine,4228,24.400301,173.27655097369495
425,61068,Villers-Le-Bouillet,Villers-Le-Bouillet,6496,32.858456,197.69644684461133
426,61072,Wanze,Wanze,13738,44.052688,311.8538419267401
427,61079,Anthisnes,Anthisnes,4189,37.316739,112.25525360080366
428,61080,Engis,Engis,6138,27.745587,221.22436984303124
429,61081,Tinlot,Tinlot,2706,37.252087,72.6402254993123
430,62000,Arrondissement de Liège,Arrondissement Luik,624422,795.966136,784.48312278451
431,62003,Ans,Ans,28373,23.346246,1215.3131599829796
432,62006,Awans,Awans,9318,27.217699,342.3507622742099
433,62009,Aywaille,Aywaille,12436,79.941314,155.56411794782358
434,62011,Bassenge,Bitsingen,8905,38.213178,233.03479234310217
435,62015,Beyne-Heusay,Beyne-Heusay,11929,7.285253,1637.41739648575
436,62022,Chaudfontaine,Chaudfontaine,20800,25.433101,817.8318483459802
437,62026,Comblain-au-Pont,Comblain-au-Pont,5404,22.586236,239.26076040292858
438,62027,Dalhem,Dalhem,7408,36.110934,205.1456215449869
439,62032,Esneux,Esneux,12917,34.14846,378.26010309103253
440,62038,Fléron,Fléron,16526,13.681935,1207.8700856275082
441,62051,Herstal,Herstal,39989,23.358457,1711.9709576707057
442,62060,Juprelle,Juprelle,9295,35.471612,262.04052976222226
443,62063,Liège,Luik,197327,68.653793,2874.2330376414893
444,62079,Oupeye,Oupeye,25446,36.089777,705.0750133479628
445,62093,Saint-Nicolas (Liège),Saint-Nicolas (Luik),24263,6.905785,3513.4311305666192
446,62096,Seraing,Seraing,64259,35.246571,1823.1277022664133
447,62099,Soumagne,Soumagne,16925,27.194636,622.3653811729637
448,62100,Sprimont,Sprimont,14712,74.534832,197.38422433151794
449,62108,Visé,Wezet,17812,27.725357,642.4443876412485
450,62118,Grâce-Hollogne,Grâce-Hollogne,22660,34.172261,663.1109366746322
451,62119,Blegny,Blegny,13292,26.074827,509.7636889402948
452,62120,Flémalle,Flémalle,26304,36.567684,719.3236519983054
453,62121,Neupré,Neupré,9923,31.74251,312.6091792993056
454,62122,Trooz,Trooz,8199,24.263678,337.9124962011118
455,63000,Arrondissement de Verviers,Arrondissement Verviers,287772,2009.571123,143.20070422309706
456,63001,Amblève,Amel,5474,125.935838,43.46657859218755
457,63003,Aubel,Aubel,4288,18.833677,227.67726132289513
458,63004,Baelen,Baelen,4454,85.553324,52.06109817544903
459,63012,Bullange,Büllingen,5478,150.661592,36.359631723525126
460,63013,Butgenbach,Bütgenbach,5610,97.006212,57.83134795532475
461,63020,Dison,Dison,15248,13.976879,1090.9445520706017
462,63023,Eupen,Eupen,19677,95.991462,204.98698102962533
463,63035,Herve,Herve,17609,56.860094,309.6899558414378
464,63038,Jalhay,Jalhay,8585,106.941893,80.27723990260768
465,63040,La Calamine,Kelmis,11108,18.00577,616.9133561075145
466,63045,Lierneux,Lierneux,3614,92.33149,39.141575642286284
467,63046,Limbourg,Limburg,5912,24.647002,239.86690145925252
468,63048,Lontzen,Lontzen,5764,28.713506,200.74176939590728
469,63049,Malmedy,Malmedy,12741,100.389165,126.91608700998758
470,63057,Olne,Olne,4080,16.025421,254.59549549431492
471,63058,Pepinster,Pepinster,9772,24.886046,392.66985201265
472,63061,Raeren,Raeren,10759,72.80366,147.7810318876826
473,63067,Saint-Vith,Sankt Vith,9722,147.146506,66.0702062473709
474,63072,Spa,Spa,10229,39.83023,256.8149870086113
475,63073,Stavelot,Stavelot,7169,85.121077,84.22120880824852
476,63075,Stoumont,Stoumont,3167,108.559982,29.17281250101902
477,63076,Theux,Theux,12031,83.481037,144.11656146533014
478,63079,Verviers,Verviers,55207,33.000906,1672.8934654097072
479,63080,Waimes,Weismes,7425,97.537969,76.12420143790364
480,63084,Welkenraedt,Welkenraedt,10002,24.815823,403.04929641060056
481,63086,Trois-Ponts,Trois-Ponts,2553,68.84709,37.08217732949933
482,63087,Burg-Reuland,Burg-Reuland,3935,109.827158,35.82902509413928
483,63088,Plombières,Plombières,10459,53.194476,196.6181601262507
484,63089,Thimister-Clermont,Thimister-Clermont,5700,28.645838,198.98178576587634
485,64000,Arrondissement de Waremme,Arrondissement Borgworm,81389,390.380115,208.48654138031597
486,64008,Berloz,Berloz,3132,14.507265,215.89183074824925
487,64015,Braives,Braives,6375,44.040021,144.75469936765015
488,64021,Crisnée,Crisnée,3412,16.976905,200.9789181243578
489,64023,Donceel,Donceel,3060,23.450215,130.48920873433357
490,64025,Fexhe-le-Haut-Clocher,Fexhe-le-Haut-Clocher,3233,19.440679,166.30077581137985
491,64029,Geer,Geer,3485,23.605027,147.63804337101584
492,64034,Hannut,Hannuit,16571,86.490725,191.59279795608143
493,64047,Lincent,Lijsem,3311,14.732994,224.7336827802957
494,64056,Oreye,Oerle,3895,19.49802,199.76387345997182
495,64063,Remicourt,Remicourt,5906,22.826128,258.73858238243474
496,64065,Saint-Georges-sur-Meuse,Saint-Georges-sur-Meuse,6803,20.91082,325.3339658607362
497,64074,Waremme,Borgworm,15334,30.893529,496.3498990354906
498,64075,Wasseiges,Wasseiges,2937,24.481033,119.97042771847087
499,64076,Faimes,Faimes,3935,28.526754,137.94068543515326
500,70000,Province du Limbourg,Provincie Limburg,874048,2427.428987,360.07150144491544
501,71000,Arrondissement de Hasselt,Arrondissement Hasselt,418496,883.879697,473.47619978197105
502,71002,As,As,8202,22.128714,370.6496455239107
503,71004,Beringen,Beringen,46346,78.561371,589.9336965491603
504,71011,Diepenbeek,Diepenbeek,19031,41.414397,459.5261884411839
505,71016,Genk,Genk,66227,87.587477,756.1240746779359
506,71017,Gingelom,Gingelom,8405,56.342086,149.17800523040626
507,71020,Halen,Halen,9427,36.597712,257.58440855537634
508,71022,Hasselt,Hasselt,78296,102.674986,762.5615843765491
509,71024,Herck-la-Ville,Herk-de-Stad,12636,43.037197,293.6064818533605
510,71034,Bourg-Léopold,Leopoldsburg,15755,22.591399,697.3893028935481
511,71037,Lummen,Lummen,14890,53.703947,277.2608128784277
512,71045,Nieuwerkerken (Hasselt),Nieuwerkerken (Hasselt),6947,22.509242,308.62878456769
513,71053,Saint-Trond,Sint-Truiden,40590,107.11816,378.92734527926916
514,71057,Tessenderlo,Tessenderlo,18613,51.639078,360.44408074055855
515,71066,Zonhoven,Zonhoven,21237,39.674365,535.2826693004412
516,71067,Zutendaal,Zutendaal,7289,32.10842,227.01210461305786
517,71069,Ham,Ham,10897,32.792564,332.3009448117567
518,71070,Heusden-Zolder,Heusden-Zolder,33708,53.398582,631.2527175347091
519,72000,Arrondissement de Maaseik,Arrondissement Maaseik,251589,910.433327,276.33984009462785
520,72003,Bocholt,Bocholt,13110,59.285333,221.13395230486432
521,72004,Bree,Bree,16085,64.98561,247.51633477011296
522,72018,Kinrooi,Kinrooi,12174,54.802032,222.14504746831287
523,72020,Lommel,Lommel,34079,102.284184,333.17956566970315
524,72021,Maaseik,Maaseik,25317,77.184872,328.0046898309296
525,72030,Peer,Peer,16357,87.238408,187.49769023753848
526,72037,Hamont-Achel,Hamont-Achel,14369,43.72945,328.5886284872094
527,72038,Hechtel-Eksel,Hechtel-Eksel,12419,76.676411,161.96637059603637
528,72039,Houthalen-Helchteren,Houthalen-Helchteren,30655,78.216599,391.9244814006807
529,72041,Dilsen-Stokkem,Dilsen-Stokkem,20590,65.885154,312.5134988680455
530,72042,Oudsbergen,Oudsbergen,23532,116.367372,202.22163305363637
531,72043,Pelt,Pelt,32902,83.777902,392.7288606487186
532,73000,Arrondissement de Tongres,Arrondissement Tongeren,203963,633.115963,322.15741178524036
533,73001,Alken,Alken,11499,28.235179,407.257910424439
534,73006,Bilzen,Bilzen,32328,75.974883,425.5090461935953
535,73009,Looz,Borgloon,10906,51.321846,212.50209900867557
536,73022,Heers,Heers,7391,53.059617,139.29614305357688
537,73028,Herstappe,Herstappe,83,1.34735,61.60240472037703
538,73032,Hoeselt,Hoeselt,9688,30.103326,321.82490399898006
539,73040,Kortessem,Kortessem,8442,33.986711,248.39120207895374
540,73042,Lanaken,Lanaken,25841,58.959848,438.2813198568626
541,73066,Riemst,Riemst,16755,58.054051,288.61035037847745
542,73083,Tongres,Tongeren,30996,87.812503,352.97934737152406
543,73098,Wellen,Wellen,7372,26.802942,275.04443355509255
544,73107,Maasmechelen,Maasmechelen,38516,76.849337,501.188448769571
545,73109,Fourons,Voeren,4146,50.60837,81.92320756428235
546,80000,Province du Luxembourg,Provincie Luxemburg,284638,4459.250074,63.830912210912714
547,81000,Arrondissement d’Arlon,Arrondissement Aarlen,62623,318.873324,196.38833131115098
548,81001,Arlon,Aarlen,29858,119.062618,250.77560448066075
549,81003,Attert,Attert,5578,71.084107,78.47042377559868
550,81004,Aubange,Aubange,17093,46.116312,370.6497605445986
551,81013,Martelange,Martelange,1876,29.987969,62.55842134557362
552,81015,Messancy,Messancy,8218,52.622318,156.16947926923325
553,82000,Arrondissement de Bastogne,Arrondissement Bastenaken,48413,1046.625795,46.25626487640695
554,82003,Bastogne,Bastenaken,15985,173.032602,92.38143456919177
555,82005,Bertogne,Bertogne,3659,91.666479,39.916445356213586
556,82009,Fauvillers,Fauvillers,2281,74.807336,30.491661940748696
557,82014,Houffalize,Houffalize,5193,167.40339,31.02087717578479
558,82032,Vielsalm,Vielsalm,7814,140.688366,55.54119521155004
559,82036,Vaux-sur-Sûre,Vaux-sur-Sûre,5640,135.728111,41.55366164346013
560,82037,Gouvy,Gouvy,5286,165.35993,31.96663181944985
561,82038,Sainte-Ode,Sainte-Ode,2555,97.939581,26.087512055008688
562,83000,Arrondissement de Marche-en-Famenne,Arrondissement Marche-en-Famenne,56476,958.051283,58.9488276902605
563,83012,Durbuy,Durbuy,11395,157.079449,72.5429078886061
564,83013,Erezée,Erezée,3284,78.892586,41.626218210162364
565,83028,Hotton,Hotton,5556,57.023236,97.43396534002385
566,83031,La Roche-en-Ardenne,La Roche-en-Ardenne,4253,148.52673,28.634576415975765
567,83034,Marche-en-Famenne,Marche-en-Famenne,17465,122.072169,143.07110411055282
568,83040,Nassogne,Nassogne,5498,113.108527,48.608183183218365
569,83044,Rendeux,Rendeux,2637,69.231874,38.08939217794393
570,83049,Tenneville,Tenneville,2832,91.945448,30.800872273742144
571,83055,Manhay,Manhay,3556,120.171264,29.59110091410872
572,84000,Arrondissement de Neufchâteau,Arrondissement Neufchâteau,63375,1358.428461,46.65317447291028
573,84009,Bertrix,Bertrix,8793,138.501593,63.48663441004609
574,84010,Bouillon,Bouillon,5411,148.642037,36.40289186833466
575,84016,Daverdisse,Daverdisse,1395,56.849037,24.538674243505653
576,84029,Herbeumont,Herbeumont,1624,58.416623,27.800306087532654
577,84033,Léglise,Léglise,5471,173.703194,31.496254467260975
578,84035,Libin,Libin,5223,140.547705,37.161759418270115
579,84043,Neufchâteau (Neufchâteau),Neufchâteau (Neufchâteau),7699,114.48144,67.25107580757195
580,84050,Paliseul,Paliseul,5389,111.272719,48.43055915619353
581,84059,Saint-Hubert,Saint-Hubert,5569,111.970352,49.736380216077194
582,84068,Tellin,Tellin,2432,56.967513,42.690998288796635
583,84075,Wellin,Wellin,3093,67.89169,45.557858406529576
584,84077,Libramont-Chevigny,Libramont-Chevigny,11276,179.184558,62.92952989844136
585,85000,Arrondissement de Virton,Arrondissement Virton,53751,777.271211,69.1534682351692
586,85007,Chiny,Chiny,5180,114.044772,45.4207580861313
587,85009,Etalle,Etalle,5877,79.419275,73.9996682165633
588,85011,Florenville,Florenville,5578,148.114157,37.6601407521092
589,85024,Meix-devant-Virton,Meix-devant-Virton,2809,54.975425,51.095557696916394
590,85026,Musson,Musson,4551,35.371108,128.66433248288405
591,85034,Saint-Léger (Virton),Saint-Léger (Virton),3608,36.250602,99.52938160861439
592,85039,Tintigny,Tintigny,4300,81.83922,52.542045244321734
593,85045,Virton,Virton,11332,95.625236,118.50428269792714
594,85046,Habay,Habay,8409,103.5301,81.22275550781849
595,85047,Rouvroy,Rouvroy,2107,28.101316,74.97869494795191
596,90000,Province de Namur,Provincie Namen,494325,3674.822234,134.51671088370801
597,91000,Arrondissement de Dinant,Arrondissement Dinant,111008,1596.278788,69.54173721689521
598,91005,Anhée,Anhée,7046,66.028478,106.7115313486402
599,91013,Beauraing,Beauraing,9159,174.650363,52.4419179134486
600,91015,Bièvre,Bièvre,3355,109.553772,30.624230811514188
601,91030,Ciney,Ciney,16580,147.869894,112.12559603241483
602,91034,Dinant,Dinant,13451,100.055969,134.43475821017734
603,91054,Gedinne,Gedinne,4632,151.573404,30.55945091791961
604,91059,Hamois,Hamois,7357,76.586831,96.0609011228053
605,91064,Havelange,Havelange,5175,104.74925,49.403695014522775
606,91072,Houyet,Houyet,4956,122.840205,40.34509711213849
607,91103,Onhaye,Onhaye,3241,65.658711,49.361310184721724
608,91114,Rochefort,Rochefort,12611,166.336756,75.81607519146279
609,91120,Somme-Leuze,Somme-Leuze,5641,95.236043,59.23177635593281
610,91141,Yvoir,Yvoir,9167,57.079171,160.60149156686245
611,91142,Hastière,Hastière,6022,56.594102,106.40684783725344
612,91143,Vresse-sur-Semois,Vresse-sur-Semois,2615,101.465839,25.77222073726705
613,92000,Arrondissement de Namur,Arrondissement Namen,316962,1167.705402,271.44003912041507
614,92003,Andenne,Andenne,27391,86.138243,317.988840334252
615,92006,Assesse,Assesse,7032,78.547245,89.52573702616813
616,92035,Eghezée,Eghezée,16337,103.216444,158.27904321137046
617,92045,Floreffe,Floreffe,8144,39.11794,208.19092211910956
618,92048,Fosses-la-Ville,Fosses-la-Ville,10388,63.306937,164.0894425203355
619,92054,Gesves,Gesves,7202,65.007628,110.78699871959643
620,92087,Mettet,Mettet,13102,116.953513,112.02741725252837
621,92094,Namur,Namen,110779,175.893395,629.8076172786363
622,92097,Ohey,Ohey,5127,56.67079,90.46988757347481
623,92101,Profondeville,Profondeville,12220,50.392354,242.49710581093316
624,92114,Sombreffe,Sombreffe,8440,35.887021,235.18251905055035
625,92137,Sambreville,Sambreville,28288,34.25951,825.697740568969
626,92138,Fernelmont,Fernelmont,8032,65.831831,122.0078475411082
627,92140,Jemeppe-sur-Sambre,Jemeppe-sur-Sambre,19190,46.962311,408.6255465579622
628,92141,La Bruyère,La Bruyère,9276,53.042626,174.8782196416897
629,92142,Gembloux,Gembloux,26014,96.477614,269.63767988706684
630,93000,Arrondissement de Philippeville,Arrondissement Philippeville,66355,910.838044,72.85049239774618
631,93010,Cerfontaine,Cerfontaine,4923,83.441619,58.99933461262299
632,93014,Couvin,Couvin,13747,206.981567,66.41654230011699
633,93018,Doische,Doische,2997,84.120359,35.62752270232228
634,93022,Florennes,Florennes,11310,134.183554,84.28752751622604
635,93056,Philippeville,Philippeville,9289,157.342333,59.036877252862396
636,93088,Walcourt,Walcourt,18430,123.645053,149.0557005948309
637,93090,Viroinval,Viroinval,5659,121.123559,46.720886066434026
